{
    "V1": 0.009793391040626806,
    "V2": 0.0,
    "V3": 0.0,
    "V4": 0.03519110993679764,
    "V5": 0.0,
    "V6": 0.0,
    "V7": 0.0,
    "V8": 0.030953618033825743,
    "V9": 0.038370204294414456,
    "V10": 0.0,
    "V11": 0.01667333600106709,
    "V12": 0.010004001600640256,
    "V13": 0.0,
    "V14": 0.7942005347830254,
    "V15": 0.0,
    "V16": 0.0,
    "V17": 0.0,
    "V18": 0.016006402561024407,
    "V19": 0.0,
    "V20": 0.0,
    "V21": 0.0,
    "V22": 0.0,
    "V23": 0.0,
    "V24": 0.04880740174857822,
    "V25": 0.0,
    "V26": 0.0,
    "V27": 0.0,
    "V28": 0.0
}