{
  "V1": -909639553973684100000,
  "V2": -270810109180402530000,
  "V3": -819382267423329700000,
  "V4": 1.7291762987064704e+21,
  "V5": -197990205851509880000,
  "V6": 61065634360471600000,
  "V7": -266326612814400900000,
  "V8": -466787701548338700000,
  "V9": -516891953871957850000,
  "V10": -860048269075630900000,
  "V11": 1.0075173956649779e+21,
  "V12": -1.2648535955830973e+21,
  "V13": -256099408404491200000,
  "V14": -1.6378151774137787e+21,
  "V15": -372961955696235640000,
  "V16": -149598421582720100000,
  "V17": 51726689019153880000,
  "V18": -143666837062280530000,
  "V19": -269272020174204140000,
  "V20": -704367372143807400000,
  "V21": -163568683703956570000,
  "V22": 522506636138286900000,
  "V23": -19887613727894475000,
  "V24": -108897352367549780000,
  "V25": -289769923897764900000,
  "V26": -350963142014338140000,
  "V27": -549728659161371250000,
  "V28": 276558755350934980000
}