{
    "V1": -0.9096395539736841,
    "V2": -0.27081010918040255,
    "V3": -0.8193822674233298,
    "V4": 1.7291762987064705,
    "V5": -0.1979902058515099,
    "V6": 0.0610656343604716,
    "V7": -0.2663266128144009,
    "V8": -0.4667877015483387,
    "V9": -0.5168919538719579,
    "V10": -0.8600482690756309,
    "V11": 1.0075173956649779,
    "V12": -1.2648535955830973,
    "V13": -0.2560994084044912,
    "V14": -1.6378151774137788,
    "V15": -0.37296195569623564,
    "V16": -0.1495984215827201,
    "V17": 0.051726689019153886,
    "V18": -0.14366683706228053,
    "V19": -0.26927202017420415,
    "V20": -0.7043673721438074,
    "V21": -0.16356868370395658,
    "V22": 0.5225066361382869,
    "V23": -0.019887613727894476,
    "V24": -0.10889735236754977,
    "V25": -0.2897699238977649,
    "V26": -0.35096314201433815,
    "V27": -0.5497286591613713,
    "V28": 0.276558755350935
}